Workbook

Sheet 작성 방법
B2: 문의 기록 — 작성 방법
B4: 무엇을 하는 건가요
B5: 국외근무직원 HR 에이전트를 만들기 전에, 담당자가 받는 문의 중
B6: AI가 답할 수 있는 것이 얼마나 되는지 확인하는 사전 조사입니다.
B7: 이 결과에 따라 프로젝트를 진행할지 결정합니다.
B9: 어떻게 하면 되나요
B10: 1. | C10: 최근 받은 문의 30건을 순서대로 뽑습니다. (메신저·메일·유선 모두 포함)
B11: 2. | C11: 「문의 기록」 시트에 한 줄씩, 노란 칸 5개만 채웁니다.
B12: 3. | C12: "답변 내용"은 실제로 어떻게 답했는지 기억나는 대로 짧게 쓰면 됩니다.
B13: 4. | C13: "처리 방식"은 목록에서 고르기만 하면 됩니다.
B14: 5. | C14: 다 채우면 「집계」 시트에 결과가 자동으로 나옵니다.
B17: "처리 방식" 고르는 법
B18: 분류하려 애쓰지 마시고, 그때 실제로 무엇을 하셨는지만 떠올리세요.
B20: 선택지 | C20: 이럴 때 고르세요 | D20: 예시
B21: ① 규정을 찾아 알려줌 | C21: 규정집·지침을 찾아서 그 내용을 그대로 알려준 경우 | D21: "주택수당 한도가 얼마죠?" → 규정 조항을 찾아 금액을 알려줌
B22: ② 안내서·양식을 보내줌 | C22: 우리 부서 안내서나 서류 양식을 보내주거나 절차를 알려준 경우 | D22: "부임 전 서류 뭐 내야 하나요?" → 안내서와 양식 파일을 보내줌
B23: ③ 내가 판단해서 답함 | C23: 규정을 그 사람 상황에 맞춰 내가 판단해서 답한 경우. HR에 물어본 경우도 여기입니다. | D23: "배우자가 현지 취업했는데 가족수당 되나요?" → 판단이 필요해 HR에 확인함
B24: ④ 잘 모르겠음 | C24: 위 셋 중 어디인지 애매한 경우. 억지로 고르지 마세요. | D24: 애매한 문의가 어떤 것인지도 중요한 정보입니다
B27: 알아두시면 좋은 것
B28: • 30건은 정확한 측정이 아니라 방향 확인용입니다. 완벽하지 않아도 됩니다.
B29: • 기억이 흐릿하면 대충 적으셔도 괜찮습니다. 비어 있는 것보다 낫습니다.
B30: • 여러 분이 나눠서 하셔도 됩니다. 한 분이 5~10건씩만 해도 충분합니다.
B31: • 같은 문의가 반복됐다면 비고에 "반복"이라고 적어주세요. 자동으로 집계됩니다.
B32: • 적어주신 답변 내용은 나중에 AI 정확도를 측정하는 기준 자료로도 씁니다.

Sheet 문의 기록
A1: 문의 기록 — 최근 30건
A2: 노란 칸 5개만 채우면 됩니다. 3~5행은 작성 예시이니 지우고 6행부터 쓰세요.
A4: No | B4: 문의 내용 | C4: 국가·점포 | D4: 답변 내용 | E4: 처리 방식 | F4: 비고
A5: 예시 | B5: 부임 전에 제출해야 하는 서류가 뭔지 문의 | C5: 인도네시아 | D5: 부임 안내서와 서류 양식 파일을 메일로 보내줌 | E5: ② 안내서·양식을 보내줌 | F5: 반복
A6: 1
A7: 2
A8: 3
A9: 4
A10: 5
A11: 6
A12: 7
A13: 8
A14: 9
A15: 10
A16: 11
A17: 12
... A35: 30

Sheet 집계
B2: 집계 결과
B3: 「문의 기록」 시트를 채우면 자동으로 계산됩니다.
B5: ① 처리 방식 분포
B6: 처리 방식 | C6: 건수 | D6: 비율
B7: ① 규정을 찾아 알려줌 | C7: =COUNTIF('문의 기록'!$E$6:$E$35,"① 규정을 찾아 알려줌") | D7: =IFERROR(C7/$C$11,0)
B8: ② 안내서·양식을 보내줌 | C8: =COUNTIF('문의 기록'!$E$6:$E$35,"② 안내서·양식을 보내줌") | D8: =IFERROR(C8/$C$11,0)
B9: ③ 내가 판단해서 답함 | C9: =COUNTIF('문의 기록'!$E$6:$E$35,"③ 내가 판단해서 답함") | D9: =IFERROR(C9/$C$11,0)
B10: ④ 잘 모르겠음 | C10: =COUNTIF('문의 기록'!$E$6:$E$35,"④ 잘 모르겠음") | D10: =IFERROR(C10/$C$11,0)
B11: 합계 | C11: =COUNTA('문의 기록'!$E$6:$E$35) | D11: =IFERROR(C11/$C$11,0)
B13: ② 핵심 지표
B14: AI가 답할 수 있는 비율 (①+②) | C14: =IFERROR((C7+C8)/$C$11,0) | E14: ← 이 숫자 하나가 진행 여부를 결정합니다
B15: 판정 | C15: =IF($C$11=0,"입력 대기",IF(C14>=0.7,"진행 — 구축 착수",IF(C14>=0.5,"재검토 — 범위 조정 필요","중단 검토 — 다른 접근 필요")))
B16: "잘 모르겠음" 비율 | C16: =IFERROR(C10/$C$11,0) | E16: 20%를 넘으면 선택지 설명을 다듬어야 합니다
B17: 반복 문의 건수 | C17: =COUNTIF('문의 기록'!$F$6:$F$35,"*반복*") | E17: 많을수록 셀프서비스 효과가 큽니다
B19: ③ 판정 기준
B20: ①+② 비율 | C20: 의미
B21: 70% 이상 | C21: 문의 대부분을 AI가 답할 수 있음 → 진행
B22: 50 ~ 70% | C22: 효과는 있으나 범위 조정 필요 → ③으로 분류된 문의를 살펴봄
B23: 50% 미만 | C23: 규정 Q&A로는 효과가 작음 → 다른 접근 검토
B26: ④ 국가·점포별 분포 (참고)
B27: 아래 국가명을 실제 기록에 맞게 고쳐 쓰세요.
B28: 국가·점포 | C28: 건수 | D28: 비율
B29: 인도네시아 | C29: =COUNTIF('문의 기록'!$C$6:$C$35,B29) | D29: =IFERROR(C29/$C$11,0)
B30: 캄보디아 | C30: =COUNTIF('문의 기록'!$C$6:$C$35,B30) | D30: =IFERROR(C30/$C$11,0)
B31: 런던 | C31: =COUNTIF('문의 기록'!$C$6:$C$35,B31) | D31: =IFERROR(C31/$C$11,0)
B32: 홍콩 | C32: =COUNTIF('문의 기록'!$C$6:$C$35,B32) | D32: =IFERROR(C32/$C$11,0)
B33: 기타 | C33: =COUNTIF('문의 기록'!$C$6:$C$35,B33) | D33: =IFERROR(C33/$C$11,0)
B36: 다음 단계
B37: • | C37: 70% 이상 → PRD대로 구축을 시작합니다.
B38: • | C38: 50~70% → ③으로 분류된 문의만 모아 어떤 유형인지 보고, 그 부분을 범위에서 뺍니다.
B39: • | C39: 50% 미만 → 규정 Q&A 말고 다른 접근을 찾습니다.
B40: • | C40: 적어주신 "답변 내용" 30건은 AI 정확도 측정용 기준 자료로 그대로 활용합니다.
