Workbook

Sheet 판정 가이드
B2: 국외 HR 문의 분류 — 판정 가이드
B3: AI 에이전트가 답할 수 있는 문의가 얼마나 되는지 확인하기 위한 조사입니다.
B5: 왜 하는가
B6: 국외근무직원 HR 에이전트를 만들기 전에, 담당자가 실제로 받는 문의 중
B7: AI가 답할 수 있는 것이 얼마나 되는지를 먼저 확인합니다.
B8: 이 비율이 프로젝트 진행 여부를 결정합니다. 개발도 예산도 필요 없이 반나절이면 끝납니다.
B10: 어떻게 하는가
B11: 1. | C11: 최근 받은 문의 30건을 아무거나 뽑습니다 (메신저·메일·유선 모두 포함).
B12: 2. | C12: '문의 분류' 시트에 한 줄씩 채웁니다. 노란색 칸만 채우면 됩니다.
B13: 3. | C13: 등급(L1/L2/L3)은 아래 기준으로 판정합니다. 헷갈리면 '판단보류'로 두세요.
B14: 4. | C14: 다 채우면 '집계' 시트에 결과가 자동으로 나옵니다.
B17: 등급 판정 기준
B18: 등급 | C18: 무엇인가 | D18: 예시 | E18: AI가 답하나
B19: L1 | C19: 규정에 그대로 쓰여 있는 내용. 조항을 찾아서 읽어주면 끝나는 문의. | D19: "주택수당 한도가 얼마인가요?" "자녀 학자금 지원 기준이 어떻게 되나요?" "체재비 지급 기준일이 언제인가요?" | E19: ✅ 답한다 (조항 원문 + 소관부서)
B20: L2 | C20: 우리 부서가 만든 절차·양식·일정 안내. 규정 해석이 아니라 실무 안내. | D20: "부임 전 제출 서류가 뭔가요?" "이 신청서 양식 어디서 받나요?" "복귀 신고는 언제까지 하나요?" | E20: ✅ 답한다 (절차 + 양식 링크)
B21: L3 | C21: 규정을 이 상황에 어떻게 적용할지 판단이 필요한 문의. 유권해석. | D21: "배우자가 현지 취업했는데 가족수당 되나요?" "이 경우도 예외 승인 가능한가요?" "제 상황이 여기 해당하나요?" | E21: ❌ 답하지 않는다 (소관부서로 연결)
B22: 판단보류 | C22: 위 셋 중 어디인지 애매한 경우. 억지로 분류하지 말고 여기 두세요. | D22: 판단이 갈리는 문의는 그 자체가 중요한 정보입니다. 나중에 함께 다시 봅니다. | E22: —
B25: 헷갈릴 때 이렇게 판단하세요
C26: 규정을 "읽어주면" 되나, "적용해줘야" 하나? | D26: 읽어주면 됨 → L1 / 적용 판단 필요 → L3
C27: "제 경우에는…" 이라는 말이 들어가나? | D27: 들어가면 거의 L3입니다
C28: 답하려면 그 사람의 개인 사정을 알아야 하나? | D28: 알아야 하면 L3
C29: 규정이 아니라 우리가 만든 안내서를 보고 답하나? | D29: 그러면 L2
C30: 나도 확신이 없어서 HR에 물어봐야 했나? | D30: 그러면 확실히 L3
B33: 결과 해석 — L1+L2 비율이 말해주는 것
B34: L1+L2 비율 | C34: 의미 | D34: 다음 행동
B35: 70% 이상 | C35: 문의 대부분을 AI가 답할 수 있음 | D35: 진행. PRD대로 구축 착수
B36: 50 ~ 70% | C36: 효과는 있으나 범위 조정 필요 | D36: 어떤 유형이 L3인지 보고 범위 재설정
B37: 50% 미만 | C37: 규정 Q&A로는 효과가 작음 | D37: 중단 검토. 다른 접근 필요
B40: ※ 30건은 정밀 측정이 아니라 방향 확인용입니다. 경계값(50%, 70%) 근처가 나오면 건수를 늘려 다시 봅니다.

Sheet 문의 분류
A1: 국외 HR 문의 분류 — 최근 30건
A2: 노란색 칸만 채우세요. 등급 판정 기준은 「판정 가이드」 시트를 참고하세요. 5행은 작성 예시이니 지우고 6행부터 입력하세요.
A4: No | B4: 문의일자 | C4: 문의자 구분 | D4: 국가·점포 | E4: 문의 내용 (요약) | F4: 문의 유형 | G4: 등급 | H4: 판정 근거 | I4: 소요시간(분) | J4: 반복 문의 | K4: 근거 규정·조항 | L4: 비고
A5: 예시 | B5: 2026-07-15 | C5: 부임예정자 | D5: 인도네시아 | E5: 부임 전 제출해야 하는 서류가 무엇인지 문의 | F5: 부임·복귀 | G5: L2 | H5: 규정 해석이 아니라 우리 안내서 기준 절차 안내 | I5: 15 | J5: Y | K5: - | L5: 동일 문의 이번 달 3건째
A6: 1
A7: 2
A8: 3
A9: 4
A10: 5
A11: 6
A12: 7
A13: 8
A14: 9
A15: 10
A16: 11
A17: 12
... A35: 30

Sheet 집계
B2: 집계 결과
B3: 「문의 분류」 시트를 채우면 자동으로 계산됩니다.
B5: ① 등급 분포
B6: 등급 | C6: 건수 | D6: 비율
B7: L1 | C7: =COUNTIF('문의 분류'!$G$6:$G$35,"L1") | D7: =IFERROR(C7/$C$11,0)
B8: L2 | C8: =COUNTIF('문의 분류'!$G$6:$G$35,"L2") | D8: =IFERROR(C8/$C$11,0)
B9: L3 | C9: =COUNTIF('문의 분류'!$G$6:$G$35,"L3") | D9: =IFERROR(C9/$C$11,0)
B10: 판단보류 | C10: =COUNTIF('문의 분류'!$G$6:$G$35,"판단보류") | D10: =IFERROR(C10/$C$11,0)
B11: 합계 | C11: =COUNTA('문의 분류'!$G$6:$G$35) | D11: =IFERROR(C11/$C$11,0)
B13: ② 핵심 지표 — AI가 답할 수 있는 비율
B14: L1 + L2 비율 | C14: =IFERROR((C7+C8)/$C$11,0) | E14: ← 이 숫자 하나가 프로젝트 진행 여부를 결정합니다
B15: 판정 | C15: =IF($C$11=0,"입력 대기",IF(C14>=0.7,"진행 — PRD대로 구축 착수",IF(C14>=0.5,"재검토 — 범위 조정 필요","중단 검토 — 다른 접근 필요")))
B16: 판단보류 비율 | C16: =IFERROR(C10/$C$11,0) | E16: 20%를 넘으면 판정 기준 자체를 다시 봐야 합니다
B18: ③ 문의 유형별 분포
B19: 유형 | C19: 건수 | D19: 비율
B20: 부임·복귀 | C20: =COUNTIF('문의 분류'!$F$6:$F$35,"부임·복귀") | D20: =IFERROR(C20/$C$11,0)
B21: 보수·복지 | C21: =COUNTIF('문의 분류'!$F$6:$F$35,"보수·복지") | D21: =IFERROR(C21/$C$11,0)
B22: 인사·발령 | C22: =COUNTIF('문의 분류'!$F$6:$F$35,"인사·발령") | D22: =IFERROR(C22/$C$11,0)
B23: 계약·사택 | C23: =COUNTIF('문의 분류'!$F$6:$F$35,"계약·사택") | D23: =IFERROR(C23/$C$11,0)
B24: 출장 | C24: =COUNTIF('문의 분류'!$F$6:$F$35,"출장") | D24: =IFERROR(C24/$C$11,0)
B25: 기타 | C25: =COUNTIF('문의 분류'!$F$6:$F$35,"기타") | D25: =IFERROR(C25/$C$11,0)
B27: ④ 문의자 구분별 분포
B28: 구분 | C28: 건수 | D28: 비율
B29: 부임예정자 | C29: =COUNTIF('문의 분류'!$C$6:$C$35,"부임예정자") | D29: =IFERROR(C29/$C$11,0)
B30: 복귀예정자 | C30: =COUNTIF('문의 분류'!$C$6:$C$35,"복귀예정자") | D30: =IFERROR(C30/$C$11,0)
B31: 근무중 직원 | C31: =COUNTIF('문의 분류'!$C$6:$C$35,"근무중 직원") | D31: =IFERROR(C31/$C$11,0)
B32: 현지 RM | C32: =COUNTIF('문의 분류'!$C$6:$C$35,"현지 RM") | D32: =IFERROR(C32/$C$11,0)
B33: 기타 | C33: =COUNTIF('문의 분류'!$C$6:$C$35,"기타") | D33: =IFERROR(C33/$C$11,0)
B35: ⑤ 업무 부담 (참고)
B36: 총 소요시간(분) | C36: =SUM('문의 분류'!$I$6:$I$35)
B37: 건당 평균(분) | C37: =IFERROR(AVERAGE('문의 분류'!$I$6:$I$35),0)
B38: L3에 쓴 시간(분) | C38: =SUMIF('문의 분류'!$G$6:$G$35,"L3",'문의 분류'!$I$6:$I$35) | E38: AI로 줄일 수 없는 시간
B39: L1+L2에 쓴 시간(분) | C39: =SUMIF('문의 분류'!$G$6:$G$35,"L1",'문의 분류'!$I$6:$I$35)+SUMIF('문의 분류'!$G$6:$G$35,"L2",'문의 분류'!$I$6:$I$35) | E39: ← 절감 가능한 시간의 상한
B40: 반복 문의 건수 | C40: =COUNTIF('문의 분류'!$J$6:$J$35,"Y")
B41: 반복 문의 비율 | C41: =IFERROR(C40/$C$11,0) | E41: 높을수록 셀프서비스 효과가 큽니다
B44: 다음 단계
B45: • | C45: L1+L2가 70% 이상이면 → PRD대로 진행합니다.
B46: • | C46: 50~70%면 → L3로 분류된 문의를 모아 어떤 유형인지 보고, 그 부분을 범위에서 뺍니다.
B47: • | C47: 50% 미만이면 → 규정 Q&A 말고 다른 접근을 찾아야 합니다.
B48: • | C48: 판단보류가 많으면 → 그 문의들을 함께 보면서 판정 기준을 다듬습니다.
